ca_num,ca_name,business_license_count,food_inspections_count,liquor_license_count,building_permits_count,pct_dependents,pct_working_age,per_capita_income,hardship_index,scaled_business_license_count,scaled_food_inspections_count,scaled_liquor_license_count,scaled_building_permits_count,saturation_index,retail_count,school_count,scaled_retail_count,scaled_school_count,bars_undersupply,gyms_undersupply,shops_undersupply,schools_undersupply,combined_opportunity_index
8,NEAR NORTH SIDE,33.0,78.0,144.0,111.0,22.6,77.4,88669.0,1.0,0.7857142857142857,1.0,1.0,1.0,0.9464285714285714,30.0,9,0.8571428571428571,0.34782608695652173,0.0,0.0,0.1428571428571429,0.6521739130434783,0.13354037267080748
22,LOGAN SQUARE,42.0,59.0,86.0,34.0,26.2,73.8,31908.0,23.0,1.0,0.7564102564102564,0.5972222222222222,0.3063063063063063,0.6795304920304921,35.0,12,1.0,0.4782608695652174,0.4027777777777778,0.36363636363636354,0.0,0.5217391304347826,0.30818511198945975
24,WEST TOWN,27.0,72.0,68.0,66.0,21.7,78.3,43198.0,10.0,0.6428571428571428,0.923076923076923,0.4722222222222222,0.5945945945945946,0.652069102069102,26.0,24,0.7428571428571429,1.0,0.5277777777777778,0.33050127442650806,0.2571428571428571,0.0,0.32176942994700003
32,LOOP,19.0,63.0,69.0,59.0,13.5,86.5,65526.0,3.0,0.4523809523809523,0.8076923076923077,0.4791666666666666,0.5315315315315315,0.5650746213246213,19.0,3,0.5428571428571428,0.08695652173913043,0.5208333333333335,0.45596148399886716,0.4571428571428572,0.9130434782608696,0.5442806812245049
28,NEAR WEST SIDE,20.0,40.0,70.0,60.0,22.2,77.8,44689.0,15.0,0.4761904761904761,0.5128205128205128,0.4861111111111111,0.5405405405405406,0.5011941886941886,17.0,24,0.4857142857142857,1.0,0.5138888888888888,0.4395355423392806,0.5142857142857142,0.0,0.4145987579398794
7,LINCOLN PARK,7.0,41.0,50.0,38.0,21.5,78.5,71551.0,2.0,0.1666666666666666,0.5256410256410257,0.3472222222222222,0.3423423423423423,0.3457120582120582,7.0,7,0.19999999999999998,0.26086956521739135,0.6527777777777778,0.7065986972529029,0.8,0.7391304347826086,0.7186825077265956
6,LAKE VIEW,9.0,23.0,63.0,48.0,17.0,83.0,60058.0,5.0,0.2142857142857142,0.2948717948717949,0.4375,0.4324324324324324,0.3450258637758637,9.0,10,0.2571428571428571,0.3913043478260869,0.5625,0.6261682242990655,0.7428571428571429,0.6086956521739131,0.6336191008300923
25,AUSTIN,18.0,37.0,8.0,18.0,37.9,62.1,15957.0,73.0,0.4285714285714285,0.4743589743589743,0.0555555555555555,0.1621621621621621,0.2748316998316998,18.0,24,0.5142857142857142,1.0,0.9444444444444445,0.7102803738317757,0.48571428571428577,0.0,0.6178460169114375
19,BELMONT CRAGIN,12.0,36.0,19.0,12.0,37.3,62.7,15461.0,70.0,0.2857142857142857,0.4615384615384615,0.1319444444444444,0.1081081081081081,0.2480181417681417,12.0,16,0.34285714285714286,0.6521739130434783,0.8680555555555556,0.8088360237892948,0.6571428571428571,0.34782608695652173,0.7195271011326476
31,LOWER WEST SIDE,13.0,30.0,22.0,13.0,32.6,67.4,16444.0,76.0,0.3095238095238095,0.3846153846153846,0.1527777777777777,0.1171171171171171,0.2427915552915553,12.0,15,0.34285714285714286,0.6086956521739131,0.8472222222222223,0.7924100821297083,0.6571428571428571,0.3913043478260869,0.7148710577652065
23,HUMBOLDT PARK,22.0,17.0,9.0,10.0,38.0,62.0,13781.0,85.0,0.5238095238095237,0.2179487179487179,0.0625,0.09009009009009,0.2222075784575784,21.0,17,0.6,0.6956521739130435,0.9375,0.7159444916454263,0.4,0.30434782608695654,0.6416855214066713
30,SOUTH LAWNDALE,12.0,23.0,6.0,11.0,33.8,66.2,10402.0,96.0,0.2857142857142857,0.2948717948717949,0.0416666666666666,0.0990990990990991,0.1774663399663399,12.0,24,0.34285714285714286,1.0,0.9583333333333334,0.8147833474936278,0.6571428571428571,0.0,0.6962207185338026
4,LINCOLN SQUARE,11.0,17.0,15.0,13.0,25.5,74.5,37524.0,17.0,0.2619047619047618,0.2179487179487179,0.1041666666666666,0.1171171171171171,0.1746367933867934,9.0,5,0.2571428571428571,0.17391304347826086,0.8958333333333334,0.8133673180402151,0.7428571428571429,0.8260869565217391,0.8223875246046111
15,PORTAGE PARK,13.0,7.0,19.0,19.0,34.0,66.0,24336.0,35.0,0.3095238095238095,0.0897435897435897,0.1319444444444444,0.1711711711711711,0.1736344173844174,12.0,7,0.34285714285714286,0.26086956521739135,0.8680555555555556,0.75672613990371,0.6571428571428571,0.7391304347826086,0.7625897881408853
2,WEST RIDGE,16.0,11.0,12.0,6.0,38.5,61.5,23040.0,46.0,0.3809523809523809,0.141025641025641,0.0833333333333333,0.054054054054054,0.1663053163053162,17.0,10,0.4857142857142857,0.3913043478260869,0.9166666666666667,0.8026054941942792,0.5142857142857142,0.6086956521739131,0.7356574246557993
61,NEW CITY,14.0,15.0,3.0,7.0,38.9,61.1,12765.0,91.0,0.3333333333333333,0.1923076923076923,0.0208333333333333,0.063063063063063,0.150272869022869,15.0,16,0.42857142857142855,0.6521739130434783,0.9791666666666667,0.817615406400453,0.5714285714285714,0.34782608695652173,0.7340656778207569
58,BRIGHTON PARK,9.0,20.0,3.0,12.0,39.3,60.7,13089.0,84.0,0.2142857142857142,0.2564102564102564,0.0208333333333333,0.1081081081081081,0.1455456142956143,9.0,13,0.2571428571428571,0.5217391304347826,0.9791666666666667,0.8402718776550553,0.7428571428571429,0.4782608695652174,0.803284979445585
14,ALBANY PARK,10.0,14.0,10.0,10.0,32.0,68.0,21323.0,53.0,0.238095238095238,0.1794871794871795,0.0694444444444444,0.09009009009009,0.1432469557469557,10.0,9,0.2857142857142857,0.34782608695652173,0.9305555555555556,0.841687907108468,0.7142857142857143,0.6521739130434783,0.8080705543271574
77,EDGEWATER,7.0,7.0,17.0,23.0,23.8,76.2,33385.0,19.0,0.1666666666666666,0.0897435897435897,0.1180555555555555,0.2072072072072072,0.1409606722106722,6.0,6,0.17142857142857143,0.21739130434782608,0.8819444444444445,0.7958085528178986,0.8285714285714285,0.782608695652174,0.827860060669386
17,DUNNING,2.0,13.0,27.0,9.0,33.6,66.4,26282.0,28.0,0.0476190476190476,0.1666666666666666,0.1875,0.081081081081081,0.1260376447876448,2.0,6,0.05714285714285714,0.21739130434782608,0.8125,0.9314641744548287,0.9428571428571428,0.782608695652174,0.8762948423985604
60,BRIDGEPORT,10.0,13.0,4.0,9.0,31.3,68.7,22694.0,43.0,0.238095238095238,0.1666666666666666,0.0277777777777777,0.081081081081081,0.1257400257400257,10.0,5,0.2857142857142857,0.17391304347826086,0.9722222222222223,0.8476352308128009,0.7142857142857143,0.8260869565217391,0.8484417079601964
5,NORTH CENTER,4.0,7.0,22.0,18.0,26.2,73.8,57123.0,6.0,0.0952380952380952,0.0897435897435897,0.1527777777777777,0.1621621621621621,0.124511187011187,4.0,7,0.11428571428571428,0.26086956521739135,0.8472222222222223,0.8569810252053243,0.8857142857142857,0.7391304347826086,0.8435591108742267
3,UPTOWN,6.0,9.0,15.0,14.0,22.2,77.8,35787.0,20.0,0.1428571428571428,0.1153846153846153,0.1041666666666666,0.1261261261261261,0.1210356647856647,5.0,7,0.14285714285714285,0.26086956521739135,0.8958333333333334,0.8598130841121496,0.8571428571428572,0.7391304347826086,0.8518492047367505
70,ASHBURN,11.0,6.0,7.0,10.0,36.9,63.1,23482.0,37.0,0.2619047619047618,0.0769230769230769,0.0486111111111111,0.09009009009009,0.117308311058311,10.0,11,0.2857142857142857,0.4347826086956522,0.951388888888889,0.8312092891532143,0.7142857142857143,0.5652173913043478,0.7981334906797116
33,NEAR SOUTH SIDE,2.0,14.0,17.0,12.0,21.8,78.2,59077.0,7.0,0.0476190476190476,0.1794871794871795,0.1180555555555555,0.1081081081081081,0.113814845064845,2.0,4,0.05714285714285714,0.13043478260869565,0.8819444444444445,0.9136222033418295,0.9428571428571428,0.8695652173913043,0.9048190626588636
41,HYDE PARK,4.0,18.0,12.0,4.0,26.2,73.8,39056.0,14.0,0.0952380952380952,0.2307692307692307,0.0833333333333333,0.036036036036036,0.1137090387090386,4.0,4,0.11428571428571428,0.13043478260869565,0.9166666666666667,0.940243557065987,0.8857142857142857,0.8695652173913043,0.9089364211570632
16,IRVING PARK,5.0,4.0,15.0,19.0,31.6,68.4,27249.0,34.0,0.119047619047619,0.0512820512820512,0.1041666666666666,0.1711711711711711,0.1080666518166518,5.0,11,0.14285714285714285,0.4347826086956522,0.8958333333333334,0.8405550835457378,0.8571428571428572,0.5652173913043478,0.8199848480450878
63,GAGE PARK,2.0,25.0,4.0,4.0,38.8,61.2,12171.0,93.0,0.0476190476190476,0.3205128205128205,0.0277777777777777,0.036036036036036,0.1075735075735075,2.0,14,0.05714285714285714,0.5652173913043479,0.9722222222222223,0.961200792976494,0.9428571428571428,0.4347826086956521,0.8809585815782485
69,GREATER GRAND CROSSING,5.0,15.0,5.0,10.0,41.0,59.0,17285.0,66.0,0.119047619047619,0.1923076923076923,0.0347222222222222,0.09009009009009,0.1062735125235125,5.0,11,0.14285714285714285,0.4347826086956522,0.9652777777777778,0.8940809968847352,0.8571428571428572,0.5652173913043478,0.8568759553801203
76,OHARE,9.0,11.0,4.0,2.0,0.0,0.0,0.0,0.0,0.2142857142857142,0.141025641025641,0.0277777777777777,0.018018018018018,0.1007647757647757,9.0,1,0.2571428571428571,0.0,0.9722222222222223,0.8997451146983858,0.7428571428571429,1.0,0.8973044867904681
43,SOUTH SHORE,4.0,16.0,4.0,9.0,35.7,64.3,19398.0,55.0,0.0952380952380952,0.2051282051282051,0.0277777777777777,0.081081081081081,0.0996411246411246,3.0,11,0.08571428571428572,0.4347826086956522,0.9722222222222223,0.9105069385443217,0.9142857142857143,0.5652173913043478,0.8781727854970438
56,GARFIELD RIDGE,5.0,6.0,7.0,18.0,38.1,61.9,26353.0,32.0,0.119047619047619,0.0769230769230769,0.0486111111111111,0.1621621621621621,0.0960084397584397,5.0,6,0.14285714285714285,0.21739130434782608,0.951388888888889,0.8465024072500708,0.8571428571428572,0.782608695652174,0.8710444074752283
44,CHATHAM,6.0,11.0,5.0,6.0,40.3,59.7,18881.0,60.0,0.1428571428571428,0.141025641025641,0.0347222222222222,0.054054054054054,0.0921981734481734,6.0,10,0.17142857142857143,0.3913043478260869,0.9652777777777778,0.907391673746814,0.8285714285714285,0.6086956521739131,0.8602480404263216
42,WOODLAWN,1.0,19.0,1.0,11.0,36.1,63.9,18672.0,58.0,0.0238095238095238,0.2435897435897435,0.0069444444444444,0.0990990990990991,0.08875297000297,1.0,7,0.02857142857142857,0.26086956521739135,0.9930555555555556,0.930048145001416,0.9714285714285714,0.7391304347826086,0.9306578182416256
21,AVONDALE,4.0,5.0,13.0,12.0,31.0,69.0,20039.0,42.0,0.0952380952380952,0.0641025641025641,0.0902777777777777,0.1081081081081081,0.0885401197901197,5.0,9,0.14285714285714285,0.34782608695652173,0.9097222222222223,0.8926649674313225,0.8571428571428572,0.6521739130434783,0.8528279581382995
71,AUBURN GRESHAM,2.0,14.0,3.0,12.0,41.9,58.1,15528.0,74.0,0.0476190476190476,0.1794871794871795,0.0208333333333333,0.1081081081081081,0.0846481783981784,2.0,15,0.05714285714285714,0.6086956521739131,0.9791666666666667,0.9136222033418295,0.9428571428571428,0.3913043478260869,0.8622465988907477
11,JEFFERSON PARK,7.0,2.0,10.0,8.0,35.5,64.5,27751.0,25.0,0.1666666666666666,0.0256410256410256,0.0694444444444444,0.072072072072072,0.0833246708246708,6.0,2,0.17142857142857143,0.043478260869565216,0.9305555555555556,0.8850184083828944,0.8285714285714285,0.9565217391304348,0.8952933071939573
29,NORTH LAWNDALE,2.0,8.0,2.0,22.0,42.7,57.3,12034.0,87.0,0.0476190476190476,0.1025641025641025,0.0138888888888888,0.1981981981981982,0.0813520938520938,2.0,21,0.05714285714285714,0.8695652173913043,0.9861111111111112,0.8541489662984989,0.9428571428571428,0.13043478260869568,0.8073575263284731
20,HERMOSA,5.0,14.0,3.0,0.0,36.4,63.6,15089.0,71.0,0.119047619047619,0.1794871794871795,0.0208333333333333,0.0,0.0808836996336996,5.0,5,0.14285714285714285,0.17391304347826086,0.9791666666666667,0.9535542339280657,0.8571428571428572,0.8260869565217391,0.9180150279423949
1,ROGERS PARK,2.0,5.0,17.0,9.0,27.5,72.5,23939.0,39.0,0.0476190476190476,0.0641025641025641,0.1180555555555555,0.081081081081081,0.0795632858132858,2.0,7,0.05714285714285714,0.26086956521739135,0.8819444444444445,0.9314641744548287,0.9428571428571428,0.7391304347826086,0.8906064366014589
65,WEST LAWN,6.0,4.0,11.0,2.0,39.6,60.4,16907.0,56.0,0.1428571428571428,0.0512820512820512,0.0763888888888888,0.018018018018018,0.0750550688050688,5.0,5,0.14285714285714285,0.17391304347826086,0.9236111111111112,0.9311809685641462,0.8571428571428572,0.8260869565217391,0.8946363816665523
66,CHICAGO LAWN,2.0,6.0,11.0,10.0,40.6,59.4,13231.0,80.0,0.0476190476190476,0.0769230769230769,0.0763888888888888,0.09009009009009,0.0720702158202158,2.0,10,0.05714285714285714,0.3913043478260869,0.9236111111111112,0.9255168507504956,0.9428571428571428,0.6086956521739131,0.8817570220988548
34,ARMOUR SQUARE,2.0,8.0,11.0,5.0,38.3,61.7,16148.0,82.0,0.0476190476190476,0.1025641025641025,0.0763888888888888,0.045045045045045,0.0694714632214632,1.0,3,0.02857142857142857,0.08695652173913043,0.9236111111111112,0.9552534692721608,0.9714285714285714,0.9130434782608696,0.9434730387112549
57,ARCHER HEIGHTS,2.0,12.0,6.0,2.0,39.2,60.8,16134.0,67.0,0.0476190476190476,0.1538461538461538,0.0416666666666666,0.018018018018018,0.0664699039699039,2.0,6,0.05714285714285714,0.21739130434782608,0.9583333333333334,0.97309544038516,0.9428571428571428,0.782608695652174,0.9325342221776598
73,WASHINGTON HEIGHTS,2.0,8.0,2.0,13.0,0.0,0.0,0.0,0.0,0.0476190476190476,0.1025641025641025,0.0138888888888888,0.1171171171171171,0.0651358776358776,2.0,12,0.05714285714285714,0.4782608695652174,0.9861111111111112,0.9076748796374964,0.9428571428571428,0.5217391304347826,0.8821109525040853
72,BEVERLY,3.0,8.0,3.0,8.0,40.5,59.5,39523.0,12.0,0.0714285714285714,0.1025641025641025,0.0208333333333333,0.072072072072072,0.0641625829125829,3.0,4,0.08571428571428572,0.13043478260869565,0.9791666666666667,0.9269328802039083,0.9142857142857143,0.8695652173913043,0.9308360752412967
46,SOUTH CHICAGO,2.0,12.0,1.0,5.0,41.1,58.9,16579.0,75.0,0.0476190476190476,0.1538461538461538,0.0069444444444444,0.045045045045045,0.0614586427086427,2.0,11,0.05714285714285714,0.4347826086956522,0.9930555555555556,0.9552534692721608,0.9428571428571428,0.5652173913043478,0.9049896018582527
67,WEST ENGLEWOOD,3.0,3.0,3.0,15.0,40.7,59.3,11317.0,89.0,0.0714285714285714,0.0384615384615384,0.0208333333333333,0.1351351351351351,0.0607495544995545,3.0,12,0.08571428571428572,0.4782608695652174,0.9791666666666667,0.8853016142735769,0.9142857142857143,0.5217391304347826,0.866172782418719
10,NORWOOD PARK,3.0,2.0,7.0,9.0,39.5,60.5,32875.0,21.0,0.0714285714285714,0.0256410256410256,0.0486111111111111,0.081081081081081,0.0550669488169488,3.0,8,0.08571428571428572,0.30434782608695654,0.951388888888889,0.9209855564995751,0.9142857142857143,0.6956521739130435,0.8946315882749242
51,SOUTH DEERING,4.0,4.0,2.0,7.0,39.5,60.5,14685.0,65.0,0.0952380952380952,0.0512820512820512,0.0138888888888888,0.063063063063063,0.0534093159093159,4.0,3,0.11428571428571428,0.08695652173913043,0.9861111111111112,0.9224015859529878,0.8857142857142857,0.9130434782608696,0.9309389022869315
62,WEST ELSDON,4.0,6.0,3.0,2.0,37.7,62.3,15754.0,69.0,0.0952380952380952,0.0769230769230769,0.0208333333333333,0.018018018018018,0.0528938966438966,4.0,3,0.11428571428571428,0.08695652173913043,0.9791666666666667,0.952138204474653,0.8857142857142857,0.9130434782608696,0.9377765545100977
49,ROSELAND,2.0,6.0,2.0,8.0,41.2,58.8,17949.0,52.0,0.0476190476190476,0.0769230769230769,0.0138888888888888,0.072072072072072,0.0497166122166122,1.0,13,0.02857142857142857,0.5217391304347826,0.9861111111111112,0.9374114981591617,0.9714285714285714,0.4782608695652174,0.8916530560730074
13,NORTH PARK,6.0,4.0,0.0,0.0,39.0,61.0,26576.0,33.0,0.1428571428571428,0.0512820512820512,0.0,0.0,0.0485347985347985,5.0,6,0.14285714285714285,0.21739130434782608,1.0,0.9430756159728122,0.8571428571428572,0.782608695652174,0.914599703425384
75,MORGAN PARK,3.0,5.0,0.0,8.0,40.3,59.7,27149.0,30.0,0.0714285714285714,0.0641025641025641,0.0,0.072072072072072,0.0482971982971982,3.0,8,0.08571428571428572,0.30434782608695654,1.0,0.9269328802039083,0.9142857142857143,0.6956521739130435,0.9109991187195574
59,MCKINLEY PARK,6.0,1.0,1.0,4.0,35.6,64.4,16954.0,61.0,0.1428571428571428,0.0128205128205128,0.0069444444444444,0.036036036036036,0.0482099544599544,6.0,5,0.17142857142857143,0.17391304347826086,0.9930555555555556,0.91928632115548,0.8285714285714285,0.8260869565217391,0.9047584636344287
64,CLEARING,1.0,5.0,5.0,6.0,37.6,62.4,25113.0,29.0,0.0238095238095238,0.0641025641025641,0.0347222222222222,0.054054054054054,0.0432054994554994,1.0,4,0.02857142857142857,0.13043478260869565,0.9652777777777778,0.9597847635230813,0.9714285714285714,0.8695652173913043,0.9508106878560962
38,GRAND BOULEVARD,1.0,6.0,1.0,8.0,39.5,60.5,23472.0,57.0,0.0238095238095238,0.0769230769230769,0.0069444444444444,0.072072072072072,0.0416808979308979,1.0,7,0.02857142857142857,0.26086956521739135,0.9930555555555556,0.9478901161144152,0.9714285714285714,0.7391304347826086,0.9360104095755254
53,WEST PULLMAN,3.0,1.0,2.0,9.0,42.1,57.9,16563.0,62.0,0.0714285714285714,0.0128205128205128,0.0138888888888888,0.081081081081081,0.0414451539451539,3.0,9,0.08571428571428572,0.34782608695652173,0.9861111111111112,0.9209855564995751,0.9142857142857143,0.6521739130434783,0.8985265158111561
35,DOUGLAS,1.0,7.0,2.0,4.0,30.7,69.3,23791.0,47.0,0.0238095238095238,0.0897435897435897,0.0138888888888888,0.036036036036036,0.0397621522621522,1.0,12,0.02857142857142857,0.4782608695652174,0.9861111111111112,0.9716794109317474,0.9714285714285714,0.5217391304347826,0.9084551690352178
68,ENGLEWOOD,1.0,2.0,1.0,14.0,42.5,57.5,11888.0,94.0,0.0238095238095238,0.0256410256410256,0.0069444444444444,0.1261261261261261,0.0396711959211959,1.0,17,0.02857142857142857,0.6956521739130435,0.9930555555555556,0.9122061738884168,0.9714285714285714,0.30434782608695654,0.860087835603378
74,MOUNT GREENWOOD,3.0,1.0,5.0,3.0,36.8,63.2,34381.0,16.0,0.0714285714285714,0.0128205128205128,0.0347222222222222,0.027027027027027,0.0368843431343431,3.0,4,0.08571428571428572,0.13043478260869565,0.9652777777777778,0.9566694987255735,0.9142857142857143,0.8695652173913043,0.9355903941311295
9,EDISON PARK,2.0,4.0,2.0,2.0,35.3,64.7,40959.0,8.0,0.0476190476190476,0.0512820512820512,0.0138888888888888,0.018018018018018,0.0324955449955449,2.0,3,0.05714285714285714,0.08695652173913043,0.9861111111111112,0.97309544038516,0.9428571428571428,0.9130434782608696,0.9604327729022974
27,EAST GARFIELD PARK,2.0,3.0,0.0,6.0,43.2,56.8,12961.0,83.0,0.0476190476190476,0.0384615384615384,0.0,0.054054054054054,0.0323309573309573,2.0,14,0.05714285714285714,0.5652173913043479,1.0,0.9493061455678278,0.9428571428571428,0.4347826086956521,0.8857235206889819
12,FOREST GLEN,2.0,1.0,2.0,7.0,40.5,59.5,44164.0,11.0,0.0476190476190476,0.0128205128205128,0.0138888888888888,0.063063063063063,0.0318891693891693,2.0,3,0.05714285714285714,0.08695652173913043,0.9861111111111112,0.9433588218634947,0.9428571428571428,0.9130434782608696,0.9515117873457979
52,EAST SIDE,2.0,1.0,2.0,7.0,42.8,57.2,17104.0,64.0,0.0476190476190476,0.0128205128205128,0.0138888888888888,0.063063063063063,0.0318891693891693,2.0,6,0.05714285714285714,0.21739130434782608,0.9861111111111112,0.9433588218634947,0.9428571428571428,0.782608695652174,0.9319465699544935
37,FULLER PARK,2.0,5.0,1.0,1.0,44.9,55.1,10432.0,97.0,0.0476190476190476,0.0641025641025641,0.0069444444444444,0.009009009009009,0.031815538065538,2.0,1,0.05714285714285714,0.0,0.9930555555555556,0.979042764089493,0.9428571428571428,1.0,0.9773437816078002
45,AVALON PARK,2.0,4.0,0.0,2.0,39.3,60.7,24454.0,41.0,0.0476190476190476,0.0512820512820512,0.0,0.018018018018018,0.0283288783288783,2.0,5,0.05714285714285714,0.17391304347826086,1.0,0.97309544038516,0.9428571428571428,0.8260869565217391,0.9515559613080945
26,WEST GARFIELD PARK,2.0,2.0,1.0,2.0,43.6,56.4,10934.0,92.0,0.0476190476190476,0.0256410256410256,0.0069444444444444,0.018018018018018,0.0240019552519552,2.0,6,0.05714285714285714,0.21739130434782608,0.9930555555555556,0.97309544038516,0.9428571428571428,0.782608695652174,0.9429508888443265
55,HEGEWISCH,1.0,3.0,4.0,0.0,42.9,57.1,22677.0,44.0,0.0238095238095238,0.0384615384615384,0.0277777777777777,0.0,0.0239010989010989,1.0,2,0.02857142857142857,0.043478260869565216,0.9722222222222223,0.9954687057490795,0.9714285714285714,0.9565217391304348,0.9766426821180987
39,KENWOOD,0.0,3.0,1.0,6.0,35.4,64.6,35911.0,26.0,0.0,0.0384615384615384,0.0069444444444444,0.054054054054054,0.0225095287595287,0.0,7,0.0,0.26086956521739135,0.9930555555555556,0.9702633814783347,1.0,0.7391304347826086,0.9498652463275584
48,CALUMET HEIGHTS,0.0,4.0,1.0,4.0,44.0,56.0,28887.0,38.0,0.0,0.0512820512820512,0.0069444444444444,0.036036036036036,0.0221110533610533,0.0,5,0.0,0.17391304347826086,0.9930555555555556,0.9821580288870008,1.0,0.8260869565217391,0.9664771188110277
50,PULLMAN,1.0,5.0,0.0,0.0,38.6,61.4,20588.0,51.0,0.0238095238095238,0.0641025641025641,0.0,0.0,0.0219780219780219,1.0,7,0.02857142857142857,0.26086956521739135,1.0,0.9954687057490795,0.9714285714285714,0.7391304347826086,0.952367319799258
40,WASHINGTON PARK,0.0,1.0,3.0,5.0,42.8,57.2,13785.0,88.0,0.0,0.0128205128205128,0.0208333333333333,0.045045045045045,0.0184641372141372,0.0,6,0.0,0.21739130434782608,0.9791666666666667,0.9762107051826678,1.0,0.782608695652174,0.9540045159026265
18,MONTCLARE,0.0,2.0,2.0,1.0,0.0,0.0,0.0,0.0,0.0,0.0256410256410256,0.0138888888888888,0.009009009009009,0.0123787248787248,0.0,1,0.0,0.0,0.9861111111111112,1.0,1.0,1.0,0.9958333333333333
54,RIVERDALE,1.0,0.0,0.0,2.0,51.5,48.5,8201.0,98.0,0.0238095238095238,0.0,0.0,0.018018018018018,0.0095559845559845,1.0,5,0.02857142857142857,0.17391304347826086,1.0,0.9835740583404134,0.9714285714285714,0.8260869565217391,0.9618424038375277
36,OAKLAND,0.0,0.0,0.0,1.0,40.4,59.6,19252.0,78.0,0.0,0.0,0.0,0.009009009009009,0.0018018018018018,0.0,2,0.0,0.043478260869565216,1.0,1.0,1.0,0.9565217391304348,0.9934782608695651
47,BURNSIDE,0.0,0.0,0.0,1.0,42.7,57.3,12515.0,79.0,0.0,0.0,0.0,0.009009009009009,0.0018018018018018,0.0,1,0.0,0.0,1.0,1.0,1.0,1.0,1.0
